상품명,가격,배송비,url
애플 Apple 아이폰 16e 128GB 미개봉 새제품,"440,000원",배송비무료,https://cr.shopping.naver.com/adcr?x=1nlGZ6rp53Qcoewwonwuav%2F%2F%2Fw%3D%3Ds3TH2KgaN%2B0yDIq78KyJRkSxZcvrUPzk97ASbS4kXSCByoYErd7Wx1dfdVO6hh7qVWqcakLpXtRawlDAsXGuV6sKdlAuo4CRofAy%2FiHp8jqv8RtWXQ%2B4yWv%2FzzZujOpoj4PUi63nYvR32pKvWvg99Ppl0mKBbPIsYtpifG%2FYeCIKSib83KJRrVoUMfncOtfChyaxxRm4H8HcYDi0B3B3iQmfQT7uWwvxdz8nMvhXCKF36a1IbrOU94c1aiygYUf%2BvMFUn%2F8yvRW0mJNKgzb5cyhKy3LoYl2rVajvOxbF9h7C54J8UO7LDGXdPU9Do8oyMXmq0wb8nQ9S1CNyVqQgAyGes1800g0ET2C09aQMDd2rOY3Zl59jNNefyRb5L%2F1wGK98KaIZa4VBE0V5wqYGSTjVJ%2BSGlh2KUvwCM3Rlc7azPGbKfX3ZgUYyLdP8Xe2N1OeKKCvaJI6vWUpmsLG1Er46kR9B9fRd4GmyzFzwRQA63SAOtGugCaj%2Btkz5nmRhdZaiaIox0SVFNjM0Ih3pOkSCNqfgGLgHh59cZXu8636FbCy0Hjavh68gcIOcIsrLinn2DODXq%2FEBbar8%2Fnmak%2B7vLpRIG3eQ6O6h0NNAJiw4HvBF0nBZvKEqaScueqORKKYTOF5KsHq%2BigGAc1pAeZzQmJ6rIfC1JG%2FbsKipoqYaj%2BbAzRntp0FPhCj%2FNEHdWh1nOP1Q0CLrLaeU76PlnS2hopkeKUdu5q4dSKA0zkoA%3D&nvMid=89877627274&catId=50001519
[대여] 애플 17 프로 아이폰 대여 렌탈 합정 잠실 서울역,"29,600원",배송비무료,https://cr.shopping.naver.com/adcr?x=SQG7DHqd48ul7ErOtbkwzP%2F%2F%2Fw%3D%3DszQuIhR93aH3aoP%2Fgx%2B%2BMs2U6JGRad8ekE6qQ%2Bbe49NNyoYErd7Wx1dfdVO6hh7qVlTJHQZoQMNKv%2FLqKPAvUlcKdlAuo4CRofAy%2FiHp8jqv8RtWXQ%2B4yWv%2FzzZujOpoj4PUi63nYvR32pKvWvg99Ppl0mKBbPIsYtpifG%2FYeCIKSib83KJRrVoUMfncOtfChyaxxRm4H8HcYDi0B3B3iQmfQT7uWwvxdz8nMvhXCKF0oyQ0fzbU1Rctud7qIKtJ%2BMFUn%2F8yvRW0mJNKgzb5cyhKy3LoYl2rVajvOxbF9h7C54J8UO7LDGXdPU9Do8oyMXmq0wb8nQ9S1CNyVqQgAyB25WfvSb4BU7OdTdeByESzhp8SuyRZwJWlcFmMJwEOPAeuQKgRq6z4fGpaOnMSDdjVJ%2BSGlh2KUvwCM3Rlc7azPGbKfX3ZgUYyLdP8Xe2N1OeKKCvaJI6vWUpmsLG1Er02y8Xnj6WSoG8vrUznweE%2FtVsKqjh2Rw9DjttUHdCQfkJoTsxWbKVl2IZeEmkGMxhoSxZnqdamBvFzo2%2Frrs40xqVndBejxaJ%2Fbp0AshlJ3%2FeOv6VW35j6rhwLfl8EGQpi2RVrQZig%2FNg0qC%2FK9dkg9jwI207JRMWZoqOSRGaJ13%2BX4LAwdJ0Aih3yWL8zyWhCMirINs7hXq0tHh0ZTR8e0ORRFo8IZVusitFJhT9WK%2FlIMmJjJAWPs%2F6FdHP2m8Jz5zoH92w5EDj9U2H8vLINXc50eBITwugSNPH3Ok09sVpGw61BSdoQRvEGgfFlc5w%3D%3D&nvMid=89926920107&catId=50000249
아이폰 17e 256GB [자급제],"최저990,000원",배송비무료,https://cr.shopping.naver.com/adcr?x=CouJRJmg%2B14ksUtL59Bth%2F%2F%2F%2Fw%3D%3Ds%2FDxPOlvcfFrEkz9%2FkWOnewvFoWFdAL1nEJjVsXJuLCLxTAJR5s3V3RheLYZrm3hT%2B%2F0dImDw140Dcr77gSBWIWg6HabDTRx466CGciRiUnFBZuMfzSBinsMMtj7lqMfUYAGnabJYbZYHgBF8bkQKY8%2FlzflRdJQ%2BkXwZsB%2BkvqT21AVZ87JtLtYpyDP5g340334rL%2BbR36BhYe0R%2FrUmjkI1yUrC8vID%2FKz%2F8c89qMu2J2cmJGDnOTQy7V0rAAlZY2ZxuAuvSW7ZwIsaDJftz694IFlqpi2PXO88uXmhtpGPQm5h9eTHD3%2FCiC64I4qSIYcO%2BwZChQd38bYTPmzUgD9rXyqENDUD8omnd%2BAEOivf3Vb8LXDlJWzaxi1N0VJ6WhukfueeD1IW449bcBlsilC8IvS%2BNPsEPJ7D6mlNi%2F5xE2%2BaQKQZMQadDGOBAZIqj4yxGOLtcPCRYjc61c3hp1BkD6%2B7%2B1m9Ne3jOyRW8VncU%2B7A78%2BwTEHCkQSveeODsm6k0GjuCWiB6IHvDA5%2Fkz6FURihOvVNK6%2BarovFEXak5Veu6YTQhhahVu5gYc%2BVuMFihqmcAXBi1MZ7yjrZ33UjwQMKHmfZEGs9R%2F5gzgEJjxD98W5UBqLE2bjkRxY%2FKYQAo14bglY5s5424%2FxgQosDmkZcudfONpsfOeGl3UBRN64mBm9G8QruBkLDcHT6935J4zAHYDBb3kPyAY3fMYDO%2Fh6%2FyRI5FMbE3b2mPNVvU2Y6hEEwGxc1AZfON9sL4VRAH%2BsMDObarUodGweR8Q%3D%3D&nvMid=59125506333&catId=50001519
아이폰 17 512GB [자급제],"최저1,526,400원",배송비무료,https://cr.shopping.naver.com/adcr?x=VQ2g7Kjyh5qkSsfs3njcX%2F%2F%2F%2Fw%3D%3Dsg%2BToA8b4xaPlMCEpvNy52TxMOpSPuGrzOteiSGjFHsoAjU5j3gjlMYsRq8%2BGHFpSjIxsBtYowXYqi%2BqcqlH3KDXJD0NsZoE8wg%2BLc2SvDZhHRaISaXjSXtxpkOUV9xcVXkK3xc5fHrGPnpRGpBeDxJVaHwioLzGptDWiVJ0VtwQzMrWs8QmGnuG4vaPOIxF%2B2h%2FqNbmMd3P9tE5jamCbKQuIB8ncdehaYvLTVmrbJlEb4AmSOzqUyzzvb5VZYY6%2BCb3k2P9GsyYcLETHoLzpIeE8YCiibN06F7pXXqOPTLDvbrwgYBBdB4JVo8Uf8huUBcADYWCr%2B6sOsNmD1ECQg8OmY27ZGze0Q%2BtXRlM4OxtarJoVrbEtunAYIkKGowOq3%2FzujIK5SXOMs8qwNeLnC8nFrN04wx1b%2BHNUqrF7rbkbV9SohnsJOp40F4RSK4iNOWCmEveL9T%2FtOtbJGkC2L%2FkGmTYGCRxyniCPIX0LcGkHWDYqfV%2FTP8ip8qKhVk2d4mw1mjxyL%2BDjgEGghafMeOswbesKz4mDGx42CAgpZD9KsaK6szvgRo5X5XC1HnWy3xzjm7%2BT18JQAeOeiVR%2FXAnrPi2U4bJlb1h8%2Fb7weIgP%2BMgM7ME3oHpf%2BfRM68836luW%2BPM3pnmTV2j%2FlQaQncXv9ZbmWlLnRp8oc3%2B0dRRgHYB%2BP8G7M4%2B7%2FXEqLhJQv4YGjJCSIW1IvBxXT1wG99m7Z60%2FbFA9HVMQsu0NXbbw1Kw%2B1x8GHJUPajMW7qriDhLBwu%2FFQS5xWYf5w6G3jQ%3D%3D&nvMid=56642218976&catId=50001519
Apple 정품 아이폰 16 자급제,"1,150,000원",배송비무료,https://cr.shopping.naver.com/adcr?x=ZYnD0Cwti8qQCUh8J0Slw%2F%2F%2F%2Fw%3D%3DsojbvYK49TNSHsSvg0Gvm3b7f9ylfBx1%2FZM5ktejzodbxTAJR5s3V3RheLYZrm3hTuvrtbEhflgQvjAdkJyqnZmg6HabDTRx466CGciRiUnFBZuMfzSBinsMMtj7lqMfUYAGnabJYbZYHgBF8bkQKY8%2FlzflRdJQ%2BkXwZsB%2BkvqT21AVZ87JtLtYpyDP5g340HNZtQ%2FiGx%2BQOIyH96Kmut2E6W4nW1ZBCJdFOCy3XN8wGzeLpYzXKylPfNPIwVklAklnFx%2BOK%2FZ12OM5oXmyo%2FrNZ0VU37VcdgTdzSFS0KJIWEea8lON7BVww%2BVCYs2aJzNpWdDZgZjgHBCxFwleabTeCsheERqGwH1oTQDVlLMPFTsoJC617iO9rmkyINrn%2FSot9c4yCeYWUpjHY21FLb0l5t7C8StJJh1bisxCSi3BVXemfpmeX70wC2wQT5nyi5pxiwDZPU40LYzhHX%2FcRv2amIpLS8b9GZhZ1bD4Oc5U9jN5iNHI88v5AjErbH%2FKQzjjcPhnQ4aXZmKCZFjijQp2QsXGo5W2KVndWf5itgRQv9joyzj5myO3cybtTM%2BC7qFz57rh2%2BO1Us6%2BFBDpj2lFTxIKAdvTAouOzwYq3XDDIM5pGOh8N6xBWKdSYIVi%2FEmsuYiLskO%2FUkXmU%2FcPcQXg03GkCTRGLhWvot9K%2FxUm39oXL7ewX99GeM97bkSD%2BZ4wnsSOJEz0ANTRCN6GxMp43ISnXmO87UAfh0%2BbLwhLTn%2BIvcxawVxNuePP9ktetan5HUxG2bcOxDdlEHMXKTOIs8PI11ju%2F1jlkHybsJe6DG554kJfPE%2BSUp9tUm1kTBq7h9PA5SrIXrcWPClBGWw%3D%3D&nvMid=55291676020&catId=50001519
아이폰 17 프로 256GB [자급제],"최저1,790,000원",배송비무료,https://cr.shopping.naver.com/adcr?x=HxDnZBqITwyMhwDWpLN3%2B%2F%2F%2F%2Fw%3D%3Ds8Re7cvUC0xBGNc%2B4MbpVIetzD8yMnUuNlRVRULQvGCVyoYErd7Wx1dfdVO6hh7qVl3WIAd5z61abLpj8Ls8J98KdlAuo4CRofAy%2FiHp8jqv8RtWXQ%2B4yWv%2FzzZujOpoj4PUi63nYvR32pKvWvg99Ppl0mKBbPIsYtpifG%2FYeCIKSib83KJRrVoUMfncOtfChhmeWtJmvw8M90EK%2Bzy5a114nEdwofithSFzlLG8az9DdhAl%2BI7modr4PZWu325tUIk7uNvEAL%2BEcmclsT2kPbblIRP%2BZOH7CveIqcMav0VHx2dvylfym6qKnZtncbvPAMWit%2FicZSA%2FCK%2Fne362WaoBsJjzV%2F3vl5Lmd9HbkUGI%2FzdYC%2FwYAihDQzAs9Z5v94MBhiD7VNpIqt9Cxm3ri6bNoujdiiNe5Aky91pn4j%2FKFvIJJK89HyB%2F1VSF9qpB8yDBkuv0wA6i2HOGZQgbbkymdfCMqN6LDkaOj%2BD69Y8NfsabvysfBCSUNvPEzyRWAgSdMlDPYg2NnmwyFpZsgOWNOrmAXsJMJds2W0JY8YXsEc05LTibBt%2FawtKKLwCqneeB52T5DDyXWzxEJZpo2%2ByOCcokyWX5Du%2FLDhkAEqN%2BZxIeMXePYqQdVUXIrU%2FB%2F%2B%2Bi3CmW7ISZqAwwcqYV182WQpyIwpILGPleBAT5u5bDjG6PR9HVA6uUj88wwjGepEaThcwm2jOjlPe7qD4n4662hSMMx6UWAU1df1sd7KOhDmLtC48e0yhetItrN3l1IzY6of2Xpggjm6A4Z8HgJhg%3D%3D&nvMid=56666065238&catId=50001519
SK 기기변경 애플 아이폰17프로 512G / iphone17 Pro,"1,440,000원",배송비무료,https://cr.shopping.naver.com/adcr?x=zBkMGkNGjJl4og98Z5Fjy%2F%2F%2F%2Fw%3D%3DsrlsH46bHwVP1NSev%2BH3DCVy%2BPXo1Q7NCm02kp9FT0KPxTAJR5s3V3RheLYZrm3hTDZdQfbUsQB%2B7M19nocZ2dWg6HabDTRx466CGciRiUnFBZuMfzSBinsMMtj7lqMfUYAGnabJYbZYHgBF8bkQKY8%2FlzflRdJQ%2BkXwZsB%2BkvqT21AVZ87JtLtYpyDP5g3402qqp1XNIAFe3%2Fk5gPxIsHLL7oh4VZdlChKy1%2Boh76B2S7FN4peW5t0CB9uPtn3EwHcVl7mMylRVjy32mkTPV0ZWypKyEhUUhWy%2FEEoDeokBJebewvErSSYdW4rMQkotwVV3pn6Znl%2B9MAtsEE%2BZ8ouacYsA2T1ONC2M4R1%2F3Eb%2BUe8Q3H31O8I%2BIsdlS2G%2F9phENvPw%2FV3zaYsRImhgoCIamgpY5cy1dhiurObfblOo1SfkhpYdilL8AjN0ZXO2szxmyn192YFGMi3T%2FF3tjdTniigr2iSOr1lKZrCxtRK%2BW%2BQKPy3UhY1TRiBqWG5ByWQL4pBI5DJ2KjWfAaicZ4G%2BYLrl90gezS5%2BL2N1nwx72wYU9XV%2FI2wdafhpIjM3cFuym0eZ0OmGrYibZj%2BIXO8508hhE1uqApbwXKiT6BGk8Pe5KqL3pYzDmfV%2FCug%2FoJ50grcTcnUzar4KLvDN6hOIzYPKJJnISQXmjUsnHKmhlNzdJFgkoR1MOL3Zb6EWFpmlyQ5yUuQ892dyixmea3rFeUQ2IBbY7JT4LeE1pIn%2Fke%2FVP%2BgM94BPZkP5YJ%2Bex&nvMid=57170283301&catId=50000246
아이폰 17 256GB [자급제],"최저1,237,980원",배송비무료,https://cr.shopping.naver.com/adcr?x=NCCfpGAKCFcaTZUS1QjGnv%2F%2F%2Fw%3D%3Ds9MnEYts5KZeqFLrfk2UboCRYwWiKreRdfgtHz0Pj8psAjU5j3gjlMYsRq8%2BGHFpSsTVikWEJSNAsQdMOAHYVCTXJD0NsZoE8wg%2BLc2SvDZhHRaISaXjSXtxpkOUV9xcVXkK3xc5fHrGPnpRGpBeDxJVaHwioLzGptDWiVJ0VtwQzMrWs8QmGnuG4vaPOIxF%2B2h%2FqNbmMd3P9tE5jamCbKQuIB8ncdehaYvLTVmrbJlFlgwnY10jeH1vd3Jmfq4COf9rpZnXyjVrh4zFZymw2IOE8YCiibN06F7pXXqOPTLDvbrwgYBBdB4JVo8Uf8huUBcADYWCr%2B6sOsNmD1ECQg8OmY27ZGze0Q%2BtXRlM4OxtarJoVrbEtunAYIkKGowOq3pMCc4HXNoRCXBLqFhI1EcnFrN04wx1b%2BHNUqrF7rbkbV9SohnsJOp40F4RSK4iNOWCmEveL9T%2FtOtbJGkC2L%2FkGmTYGCRxyniCPIX0LcGkHWDYqfV%2FTP8ip8qKhVk2dG%2BBOJQytziAM7IONf%2BYi%2FZOPCqxXaeseih1v7Fuw0kFKsaK6szvgRo5X5XC1HnWy5eEE6MXJ2VCvLfjYbp3%2BrHqO%2FJJZ0C6p0MGfnHM5LggP%2BMgM7ME3oHpf%2BfRM68836luW%2BPM3pnmTV2j%2FlQaQnXP8Al4W0pDfsgGZ911u4K6xhyEwLYiv%2BcTT2yAHTupOv4YGjJCSIW1IvBxXT1wG97wf%2BEgcdbUPQF%2BATIB3K1Lw1Kw%2B1x8GHJUPajMW7qriDhLBwu%2FFQS5xWYf5w6G3jQ%3D%3D&nvMid=56666632837&catId=50001519
Apple 아이폰 17 프로 자급제 256GB - 실버 MG8G4KH/A,"1,790,000원",배송비무료,https://cr.shopping.naver.com/adcr?x=BNm%2BJVA0lH9vOcldWRVEhf%2F%2F%2Fw%3D%3Ds5fyA46SglfVkGpOGtnaaoab456J77sEu%2FUINwPx1OLtyoYErd7Wx1dfdVO6hh7qVvKNWFkopckQMJqHR5SGg%2BMKdlAuo4CRofAy%2FiHp8jqv8RtWXQ%2B4yWv%2FzzZujOpoj4PUi63nYvR32pKvWvg99Ppl0mKBbPIsYtpifG%2FYeCIKSib83KJRrVoUMfncOtfCh2VNqRRUOojs5WUX%2F32yb5RUWkZ5On5BVeI8cTEGmUZvnx8Aid%2BWslEVnY5aE%2BDqCXKZCv1TI3VO3ykBR859%2F1rt%2BCGdxkcJBKYAQS0VI%2BE0hluH2kw5IEIAuXNnO13ke04kOs4eSY0WncLq1f%2B0if%2FOlIutnUpvB%2F6qNTiqijLXPDJqdfGgH2ypOECyamBth6UmaV3ry3W5fY0%2BX9nBIuAeL8mDjug0MMBKQwp4NOEHBz7%2BORHa%2BX777%2F5U82WuFtw%2FxhWLOzVOefuiOYPXy7A5SI5JDJaVXW%2FXjWxMUPnddrU9gBvTOY8XVxGgpGxxdyDnQHRCYofERVOP5kax9toTYUQgmzb%2FfRMteK6rorPB%2B1j60M7qan67PbZ1ciGMSk9HH6j4t14Z2rj2l3RPy9ePIh%2FfSFpiTYIgRe81vqCRLQe74TsdJ8UiO2Ys4UCfLjeP22qwxrpWe5yPpU7pLmPpJBiNIhUx1McfXThEm16V9Drp9XKHBqfxFGZmPO9iVZehjnOF4EI64COfVO56ZKW0VZM9TauaDluI1oQ7FjgKdEDXE1qd%2BhNwiE8oBrPD7KYTOF5KsHq%2BigGAc1pAeZ3gcqZslbqNYNFoj3fS%2BmqpY5n%2F%2Bwhkr50Bs8CCi78TB11SkXvPxCFL9O%2FobcETkVA1QmAmnoJRdq4K9btjkCM0%3D&nvMid=59278488268&catId=50001519
Apple 아이폰17프로맥스 512GB Apple 미개봉 새상품,"1,160,000원",배송비무료,https://cr.shopping.naver.com/adcr?x=m9fVRF1Z0bSWD%2BAKTRBbgf%2F%2F%2Fw%3D%3Ds8cLplvJVMse5SY3NHA6%2FMby6i3TNKf0E%2FsquqCqURFsAjU5j3gjlMYsRq8%2BGHFpSs5Zli2hHhzC%2BS5zxnq%2BLNzXJD0NsZoE8wg%2BLc2SvDZhHRaISaXjSXtxpkOUV9xcVXkK3xc5fHrGPnpRGpBeDxJVaHwioLzGptDWiVJ0VtwQzMrWs8QmGnuG4vaPOIxF%2BhNAWEw0JCsb7LJXBJqKWV9015zgK%2BP5r4ZCysDfiDpWFUtACWzp6LMBZ0dIKHtEQTO4eKCGvoVNEVI5YqLOyiEl5t7C8StJJh1bisxCSi3BVXemfpmeX70wC2wQT5nyi5pxiwDZPU40LYzhHX%2FcRv0R8yU2PX41sw1BxV0JdIyL2ysmO5WNZ%2BYKLPcbhRC%2B%2B2HvQrG1q57G6KIPveES%2FyAhKKmWSJPixK56sWAwNEKLq61vLlcYMw6tTRbhJvg%2BNweb4%2FvIploMD57PmrbcZw7j6irbwTXYrdmMTXUr9BRd3wvbM5pPKTpOWi7G7WnbQnBA%2BJt3g4D93rxGhz3WkBFoCVzibSDWI%2FqPRhI9f0Px14VrGcRkvOv7y1iigF3rbZpwld0o62%2B6BeXAKgaxeSDulBXMG7WVUNNGPsx5675eqhTSYnhPgKTFCHjm3XLe56%2BKcpvotubGGz306aVrP0HR9INs9ZpxiOekV5%2FkbMXEZo3HzwP3iZRtDEoO4GlN%2BN5CUJZ1yi%2FmJH%2BDmDRsRRiNutpnkuHazHeEda6YzDU%2FLVWGr8fvvH1mWvUgXPK6j&nvMid=90912314913&catId=50001519
해외아이폰5C 풀박스 공기계 무음 카메라 8GB 5C,"79,000원",배송비무료,https://cr.shopping.naver.com/adcr?x=JIeMrKHussfPOEejFm%2Fzhv%2F%2F%2Fw%3D%3DsugPDTdCOfLzF%2FuXI5sNwPYwTO%2BZkiTPF2h67y1iMHUPxTAJR5s3V3RheLYZrm3hTv62frZpZnnePkrkOhOxEd2g6HabDTRx466CGciRiUnFBZuMfzSBinsMMtj7lqMfUYAGnabJYbZYHgBF8bkQKY8%2FlzflRdJQ%2BkXwZsB%2BkvqT21AVZ87JtLtYpyDP5g340RL6iu0rN9ANYEXkZX8p%2BoSEm%2FeWMmjv1VUimPr%2BbdY4A47XJRxtTFnZD%2FKpgNBcoRXi6Ek%2BAPG47VYxfdG6%2BnwlIoSvKTA%2Ffvxn7nqCVPzyk6v2w9jBqMGR4TTsgYaQnlII%2ByYYqWVu3SSXxcjEJdIp2Pphrn%2FRlMBoJbN8CWflGb73A%2FQONfC5ickzZfoxCah%2B2aTlGxw2OAZIIDw5q2JvuX1RoeqyaowXj31jWwqbYLxR%2B%2BrI7xR4uIoA7QIdXkVEzBTCDFwT1FHHcnBo2PSfQesonxiOsGLrbXwaWB0lK8SqY2mWKH0NZERtFs4ErSIH9Os4lk3CjhMPkCb8WmhtQ65d1i6C3hN%2BMk5PIK9VrmvgHTB5MjQuovclYSoajuu0KdPMJCi3SdKAOXOfAYuCpInE6aq%2FKNzPhyzNmrRsgAPjy0TcjkB1yFRJBOVM8a1jS8Ua1hwiaLnWMxworxpgf%2Fr2M%2F%2BABg4s6Fb6O%2F0U9xgZ6IR9KfFmfKcLgJgYt17EhhfCjIq6oBhyH6rXp3WhopkeKUdu5q4dSKA0zkoA%3D&nvMid=90749142379&catId=50000249
아이폰 17 256GB Apple 미개봉 새상품,"490,000원",배송비무료,https://cr.shopping.naver.com/adcr?x=cvwf98V9BK53xfyVHssc8%2F%2F%2F%2Fw%3D%3Ds55b3Hm01JCGJeuRJfdyw2vhbDblaLPK6S39Hgcn%2BMBcAjU5j3gjlMYsRq8%2BGHFpS7uQJEIKiu4wS5SlHwM%2BfzTXJD0NsZoE8wg%2BLc2SvDZhHRaISaXjSXtxpkOUV9xcVXkK3xc5fHrGPnpRGpBeDxJVaHwioLzGptDWiVJ0VtwQzMrWs8QmGnuG4vaPOIxF%2BhNAWEw0JCsb7LJXBJqKWV9015zgK%2BP5r4ZCysDfiDpXy2kFS%2BiNHW5BLmb89Vp1cyAgUqynjiLC6mJPgAO1cA0l5t7C8StJJh1bisxCSi3BVXemfpmeX70wC2wQT5nyi5pxiwDZPU40LYzhHX%2FcRv9PUo2O%2Be9BEYhqS76ldP%2FqoyhiQ8PY%2BwWfM6UIi6RE22HvQrG1q57G6KIPveES%2FyAhKKmWSJPixK56sWAwNEKLq61vLlcYMw6tTRbhJvg%2BNweb4%2FvIploMD57PmrbcZw7j6irbwTXYrdmMTXUr9BRe1O3%2BxH3R7oADH06JCEvl%2FeTxswSpjtmly9xBJ22QymP60O9jj8N4a6%2B43httKvoC0%2Fe4fneN98oI0WrsV0VyhxPgs2GTV%2FdgHpoUwcZlrNq8b5T2gN1Cd0kDxkL0GcKKOaW8vWJAJ%2BtLnCNNLpC0RkAlOKwPahCEyYd9E%2Blamjk6gitXetjOSxL%2B7BHkI%2Bsdjj7dtekyuMcPP7TOxZvVJ96ljkQWRaNQ3xHev1P6y8oKoDr6us%2BRKRCOTdsWr9TI%3D&nvMid=90305072272&catId=50001519
Apple 아이폰 16프로 512GB Apple 미개봉 새상품,"890,000원",배송비무료,https://cr.shopping.naver.com/adcr?x=FdVbgGCHPiQW1nJbCXDAjP%2F%2F%2Fw%3D%3Ds3DM2XzQfKqtDZ1BesF5b1k6ID87z7k%2BmlzRnUGQzsJVyoYErd7Wx1dfdVO6hh7qVfGpOEx%2BqHFa23EvKTsO%2Bi8KdlAuo4CRofAy%2FiHp8jqv8RtWXQ%2B4yWv%2FzzZujOpoj4PUi63nYvR32pKvWvg99Ppl0mKBbPIsYtpifG%2FYeCIKSib83KJRrVoUMfncOtfChyaxxRm4H8HcYDi0B3B3iQmfQT7uWwvxdz8nMvhXCKF3yZl4%2BvXjHZJdHGiIDuNuLMFUn%2F8yvRW0mJNKgzb5cyhKy3LoYl2rVajvOxbF9h7C54J8UO7LDGXdPU9Do8oyMXmq0wb8nQ9S1CNyVqQgAyNGDzo38npOUnKOj3DMQDY0kltphx4cJysRia6AdZdQXK98KaIZa4VBE0V5wqYGSTjVJ%2BSGlh2KUvwCM3Rlc7azPGbKfX3ZgUYyLdP8Xe2N1OeKKCvaJI6vWUpmsLG1Er7ET0dQp%2Br4X5Mzs4hbIs7NTLxGvtLdNFBEvPK%2BjQehyFNCmLzeuatWc1YgvmV0N1A2avMAFXXA%2BNTunEFcc3%2B24yZWwEdmdrS8m7yStWc0d6DdmUazCncR%2BAD%2BiboiusKWRfrjtl2OPD36vkxy%2Bn5q8AFKif0YUtdvO2okfTrpTPNRouOLVBR9bkVCm5wEj0JpNrfVE8Mx2w57oymgkAfV6pBmGAPvo1NHpVWZmE3u407HScnXFjvHgI5XpwmKEnFaFndIwdNwuWmKtx1HNSCrUkiyUGZ3FpPHvE7X48%2Bhb&nvMid=90886769996&catId=50001519
Apple 아이폰 15프로맥스 256GB Apple 미개봉 새상품,"690,000원",배송비무료,https://cr.shopping.naver.com/adcr?x=2E9JwEoFGsZ8%2FunsvrLyJP%2F%2F%2Fw%3D%3DsRzpI2uSMjs1ZnoeA9rrPYDDG8l%2F4%2Fq1tq2YyWS7iGdrxTAJR5s3V3RheLYZrm3hTyLuriyGWKw7pLgsIuSgonWg6HabDTRx466CGciRiUnFBZuMfzSBinsMMtj7lqMfUYAGnabJYbZYHgBF8bkQKY8%2FlzflRdJQ%2BkXwZsB%2BkvqT21AVZ87JtLtYpyDP5g340RL6iu0rN9ANYEXkZX8p%2BoSEm%2FeWMmjv1VUimPr%2BbdY5MkY3PSX3LrVpvF0aR8d8bRXi6Ek%2BAPG47VYxfdG6%2BnwlIoSvKTA%2Ffvxn7nqCVPzyk6v2w9jBqMGR4TTsgYaQnlII%2ByYYqWVu3SSXxcjEJdPSVUZg%2BiL7ca19XhsLJGlX3Mn23ws1UI47kbcr3GbjygzRGQMqXBWNWeUALR9IuSpvuX1RoeqyaowXj31jWwqbYLxR%2B%2BrI7xR4uIoA7QIdXkVEzBTCDFwT1FHHcnBo2PScgeBJaH4nOxcJk%2B7j3BXNVqzLwaGLUHke0rGqNWI3QqaeVIHcAC9FBxHuWuCyW4IfwHOmpAd5FO0aatbctyfuIMZOBiIrGV5NpFlg0c5p6InDFqRMdWMSArn7j%2FXtWX3R26cmXygepuWpxN7vMw00hRkjBTOrMH3chKLRVLmtCY0%2B5L7%2B%2Bb8ZW0vNjU5Tgl6vnwIyBss7f5%2FDfYqEqcRowWYUVkBdFpgQV%2BwPAvaHsH3IqX9xqMlFeo0Ws2LMPstdUpF7z8QhS%2FTv6G3BE5FQNUJgJp6CUXauCvW7Y5AjN&nvMid=90887142112&catId=50001519
Apple 아이폰17프로맥스 256GB Apple 미개봉 새상품,"1,000,000원",배송비무료,https://cr.shopping.naver.com/adcr?x=ADm1%2Bke%2B%2BtsVYUBaZoZB%2Fv%2F%2F%2Fw%3D%3DsQFU34w%2Bd7YYZbk6c0VRmG0fpJ6rZLgwU%2BbYU%2B4J%2BaixyoYErd7Wx1dfdVO6hh7qVeMuAue89zaGtxmoTM93nT8KdlAuo4CRofAy%2FiHp8jqv8RtWXQ%2B4yWv%2FzzZujOpoj4PUi63nYvR32pKvWvg99Ppl0mKBbPIsYtpifG%2FYeCIKSib83KJRrVoUMfncOtfChyaxxRm4H8HcYDi0B3B3iQmfQT7uWwvxdz8nMvhXCKF2f93PX4P1mJrmhaaembAEKMFUn%2F8yvRW0mJNKgzb5cyhKy3LoYl2rVajvOxbF9h7C54J8UO7LDGXdPU9Do8oyMXmq0wb8nQ9S1CNyVqQgAyNBaNYjtz7bwk19cIFb4D3C5Wh7CYBk4EBfN%2FeMeApqlK98KaIZa4VBE0V5wqYGSTjVJ%2BSGlh2KUvwCM3Rlc7azPGbKfX3ZgUYyLdP8Xe2N1OeKKCvaJI6vWUpmsLG1Er8zArRFMIPTsmwKPFPy483J4twT2xcP%2F9bMJHBxuF6yYFNCmLzeuatWc1YgvmV0N1LmXexFnEsq3ArOYR9fqAoL9WGRjFP5rtA4AshnJqDaknV%2F3tTaN3o4%2B0RfveE00nObd7IPwVdH9ThzIlmabD%2Fe3KLyCqZ1gGQQjy1rf%2BSWkjlt5Szeqr3TWAGeyeJEt4y8XfqoIE0gUhoNqdjgpHcVVgiF6d09CUyVh84QL3I5hxnSVmIh7dR3%2BY%2FkjahVRfuGoIj5lY4MdD%2Bg1TzjPHOqCqA6%2BrrPkSkQjk3bFq%2FUy&nvMid=90912309226&catId=50001519
아이폰17 에어 256GB 미개봉 새상품,"745,930원",배송비무료,https://cr.shopping.naver.com/adcr?x=Mct8TqtvE%2FzJOWBs%2B5CA7%2F%2F%2F%2Fw%3D%3DsIRviqEZMCcwex5984eC9QZa6wIS2T%2BI05fe2zChLwsMAjU5j3gjlMYsRq8%2BGHFpS5K5MOz0cG3kZbe2IYqStLzXJD0NsZoE8wg%2BLc2SvDZhHRaISaXjSXtxpkOUV9xcVXkK3xc5fHrGPnpRGpBeDxJVaHwioLzGptDWiVJ0VtwQzMrWs8QmGnuG4vaPOIxF%2BhVSmc4EjFmrMWU2fUHa96sZe2fAu0el%2B%2BpN9GjMEDNu9WrVclKD3sYLvG9KOWFeynU1lI9xMOI%2Fn8LPhB0BvfMJA34WpwaDN58lPGWGi%2FDyRTEr1I%2BoigKR5%2B%2BSDLR70PL1ykb%2BxqwqKvkeegbFq3JucfhIqLCWoYNCdt3xXibMbAt%2BtfB5rJ7ZhdNQe1WggqRNJerdQdCnc%2FBTWBLdRzAXAA2Fgq%2FurDrDZg9RAkIPDpmNu2Rs3tEPrV0ZTODsbWqyaFa2xLbpwGCJChqMDqnWcVF4IZBBidHcL4QT%2F1VFpdJd6QBLuGKOVxT5ja8Y9zjjcPhnQ4aXZmKCZFjijQp2QsXGo5W2KVndWf5itgRQv9joyzj5myO3cybtTM%2BC7qFz57rh2%2BO1Us6%2BFBDpj2hesfikdF4qA95y1FENJ9EkeaGkHE%2Bm%2Fp%2BRoF5DzgaZTgc5FHiJJnK35n2yh7PKADEulihQS1cPY1WFBKbCntNEicMWpEx1YxICufuP9e1ZfdHbpyZfKB6m5anE3u8zDTeW3SKGQCbdY9bCCFp4GNXqUAFZTNem7NV79ZDqJIGDAfAl5dudTqZlos35c9ihFnO5AHAXn4DHkpBDa2%2B6mKVzn1pNMeLlrczqIwGisWmeRxyAhEKTy%2B0Zvtn8oYxIR0Q%3D%3D&nvMid=58572682535&catId=50001519
애플 아이폰 16e 256GB 미개봉 새상품,"583,000원",배송비무료,https://cr.shopping.naver.com/adcr?x=yBWmLzIG0aLMCtDxha7PPP%2F%2F%2Fw%3D%3DsEKsI%2FNvBUYLAg9AGw3OGhrED5zH3UgOt8Z7Wfd%2BcZmMAjU5j3gjlMYsRq8%2BGHFpS5TCsuvttnEejV2ryDnIeIDXJD0NsZoE8wg%2BLc2SvDZhHRaISaXjSXtxpkOUV9xcVXkK3xc5fHrGPnpRGpBeDxJVaHwioLzGptDWiVJ0VtwQzMrWs8QmGnuG4vaPOIxF%2BhNAWEw0JCsb7LJXBJqKWV9015zgK%2BP5r4ZCysDfiDpVkNvlsbl%2FIlxJbmjZ5TnQ0NhiyaJP7FIFJwjDJS8PHUUl5t7C8StJJh1bisxCSi3BVXemfpmeX70wC2wQT5nyi5pxiwDZPU40LYzhHX%2FcRv%2FdZ%2BmF8IVU%2B1MABaYHr9k%2FtiaY4hBR2uiAnDxSI%2FJOn2HvQrG1q57G6KIPveES%2FyAhKKmWSJPixK56sWAwNEKLq61vLlcYMw6tTRbhJvg%2BNweb4%2FvIploMD57PmrbcZwxzut1YVg9WypPlxHvMOLJ9Xc5fEQAzDu3xjvWyX%2FpqgqwbK%2BNLjghCocGW4o4m5sH%2BfPV2SsauvnsDtZ2BmS%2FHbY4Zt7%2F15RmmNrMbKFKOWinLSptEDDbjEE6GhbroZKI6GJoieu9g543lWxn%2FjER%2BhtE84s1kgNFfQovvwjgKjdH0g2z1mnGI56RXn%2BRsxcdG8H4XinPP72cLWClhVfjkN3S365%2BWNNX%2FpRPnIt31VcPf3rpgVRIQ7j6hn7ryErg4SwcLvxUEucVmH%2BcOht40%3D&nvMid=89835399469&catId=50001519
Apple 아이폰 16프로 256GB Apple 미개봉 새상품,"690,000원",배송비무료,https://cr.shopping.naver.com/adcr?x=uAXfcCtcXOMbBUxKufhs4f%2F%2F%2Fw%3D%3DskJWvH5pMYTVNlM9P7zylh26cOlg%2ByxotGiwf2mzT3TtyoYErd7Wx1dfdVO6hh7qVXfWfCtV0MLfXWh7z9PKx%2FMKdlAuo4CRofAy%2FiHp8jqv8RtWXQ%2B4yWv%2FzzZujOpoj4PUi63nYvR32pKvWvg99Ppl0mKBbPIsYtpifG%2FYeCIKSib83KJRrVoUMfncOtfChyaxxRm4H8HcYDi0B3B3iQmfQT7uWwvxdz8nMvhXCKF0%2Bdf44mNnXr2IHt%2F%2FcLNGEMFUn%2F8yvRW0mJNKgzb5cyhKy3LoYl2rVajvOxbF9h7C54J8UO7LDGXdPU9Do8oyMXmq0wb8nQ9S1CNyVqQgAyFCcq9w6cNozJYZN4CcCruwkltphx4cJysRia6AdZdQXK98KaIZa4VBE0V5wqYGSTjVJ%2BSGlh2KUvwCM3Rlc7azPGbKfX3ZgUYyLdP8Xe2N1OeKKCvaJI6vWUpmsLG1Er7ET0dQp%2Br4X5Mzs4hbIs7N73dXZeY57rLRNWfzezLD3FNCmLzeuatWc1YgvmV0N1A2avMAFXXA%2BNTunEFcc3%2B2xgBHthAsjjgXYfRQubK2G6DdmUazCncR%2BAD%2BiboiusKWRfrjtl2OPD36vkxy%2Bn5oGvOWoZx9NwRLjV4OvxfYPPNRouOLVBR9bkVCm5wEj0JpNrfVE8Mx2w57oymgkAfXLovVLVkn111bIswCzORtE1FrRVnYt4h2nJ37HMtvnaFaFndIwdNwuWmKtx1HNSCrUkiyUGZ3FpPHvE7X48%2Bhb&nvMid=90886762658&catId=50001519
[대여] 아이폰17 프로 대여 1일 단기 렌탈,"19,800원","배송비3,000원",https://cr.shopping.naver.com/adcr?x=ADPy%2BL%2F7MyRPuuDN%2BsYq%2FP%2F%2F%2Fw%3D%3DsUFBhgkoYk5SjPm69xJM5dGO0bN26ZTGzlA5zdjKtAFYksXwEH1Ig1UJg2fSjEwkDsQPFzV%2BbdPMGEhN7RUIZUVsZOinTopHxyAyK2u%2FTy%2BjYsfDmngMDc30arSUbghlwaUMx0gihplv9%2FHlMGDX4mdqb9UOZFo4HKFloQ1GrFoSKRkulOmZtKVT3mH9bhy8qxUiFRNirYnXAXhdwoPYA5aQ4Ddlq14b9jx4rHBfUTQ2h7WsPqbooB2kE%2B6mw0idLHE7nVqs08kbOE%2BxpFM%2Feov54B1aDCVJ%2FaBI6h2dlIjAQhkkHXK4%2FmSRy5icYE%2F27nXOSVCysSuaF7Of2P30WF0%2FjLjfnowzZUkkp664Vold6iXBN%2BuGolUTQCLiFVHfVnRTjgUuPyugKQaYCODnWBsXwfLyip5%2FqsyKc0a%2FhXra%2FNsr7wcmPLeVB2T0qTD7H7ou62Hl0mxddHx6BWeRVhrbowyNZ7ccy%2BiL7Kt6izITN81WjUpxJVJrN5mDsz4BpszFZ7NqASTZackxSiwNgV4NheHRLP%2FdjNRzuGdV932gDfK6kSCWjryb8%2Fv31iWZEZKRDu3aOWdlsaavkFtLAE6UIOEG%2BPhhoprTfYs8Bc6tMVz728f3NROumlfMlnDEAWfAs3MBjlgxjnwLbwIxH2hgiNhX55p7y%2FJmGWjv4l6pE3nHWnxIrUzw5jfWBhCXqD2ky0DgtRJGE1Mhy68gUDx0cjwVm1BUYVknE7IEMpz4%3D&nvMid=89970471330&catId=50000249
Apple 아이폰17 프로맥스 자급제 모아보기 색상/용량 선택,"1,990,000원",배송비무료,https://cr.shopping.naver.com/adcr?x=Z%2BsMrwvwcDnCRJIt4h9SAf%2F%2F%2Fw%3D%3DsTq4HOpVUMV2rdajbEHJWQGokMbOtov1%2BVRjMeOTJKNxyoYErd7Wx1dfdVO6hh7qVj9kp49ZdKACzPEkzSnmB%2FMKdlAuo4CRofAy%2FiHp8jqv8RtWXQ%2B4yWv%2FzzZujOpoj4PUi63nYvR32pKvWvg99Ppl0mKBbPIsYtpifG%2FYeCIKSib83KJRrVoUMfncOtfCh2VNqRRUOojs5WUX%2F32yb5RUWkZ5On5BVeI8cTEGmUZvnx8Aid%2BWslEVnY5aE%2BDqClXHPDWb0ZFzg8vFjsAm34Lt%2BCGdxkcJBKYAQS0VI%2BE0hluH2kw5IEIAuXNnO13ke04kOs4eSY0WncLq1f%2B0if%2FOlIutnUpvB%2F6qNTiqijLXPDJqdfGgH2ypOECyamBth6UmaV3ry3W5fY0%2BX9nBIuAeL8mDjug0MMBKQwp4NOEHBz7%2BORHa%2BX777%2F5U82WuFRDpykpOqWZgZqWcBmVwRDaypJkClbKMkc61aROdHpzNdrU9gBvTOY8XVxGgpGxxdyDnQHRCYofERVOP5kax9toTYUQgmzb%2FfRMteK6rorPB%2B1j60M7qan67PbZ1ciGMSk9HH6j4t14Z2rj2l3RPy9Q%2BXHmjh6jDoGKT6EgCghIFLQe74TsdJ8UiO2Ys4UCfLmoazq19Bf9Pw%2FR7VTL13vBHD%2FIHcbyf%2BD0K3GjZg0kBMtuBh1GxwKG%2B%2FSC9QpioH43enw6tBqyiXOS5MtHfKX6tXMmvv9%2FJ%2FBGxVsB5VG1IzcSnjJiskt6RI1qDWNaEKly0meEECT9s9eUecHOYAmLEKHCxBhmtMLJXh3NqRZK3y8Acn%2BAIsttu1yPuPjlx3YZKATccvzdCX0gmaKC6lOm9TZjqEQTAbFzUBl8432wvhVEAf6wwM5tqtSh0bB5Hx&nvMid=58238239534&catId=50001519
Apple 정품 아이폰 15 자급제,"960,000원",배송비무료,https://cr.shopping.naver.com/adcr?x=2X7RZ%2FkIC1%2F16FWsDJekZ%2F%2F%2F%2Fw%3D%3Ds%2BsbsToF4tVLjmfZV5kJBFmghy%2FfOyOMj6KgQcd9ZSGQAjU5j3gjlMYsRq8%2BGHFpSlRIN0sEuF%2BrYPpWofI98gjXJD0NsZoE8wg%2BLc2SvDZhHRaISaXjSXtxpkOUV9xcVXkK3xc5fHrGPnpRGpBeDxJVaHwioLzGptDWiVJ0VtwQzMrWs8QmGnuG4vaPOIxF%2B6InUdgRJ2eKXcsL2jyhcXKQfvg83DEGAmQ8NhqAZnU8%2BtslBK1Y5fIFUlVO0wI%2BmlWVGHL374MgBQjWaRm9hsiwYxEf9600NO%2FGLrlEB7P7dEmrnVhjRbHoCKSUPu57SmXgi%2B92t6GCmRxhUVf2eF%2BQ0%2BtpzIkS2sZNq9XOnyLEO1eQH1T3JXodDEp%2BuuDMN%2BKXonAWrrYJbLs2TCWkWOTcL%2FmGRd%2Fd56%2FpvsXj%2BmR3ffisv5tHfoGFh7RH%2BtSaOAFJNLWxG%2Fj2gEfGb7GroeMDE167AF8PelNkHYyFZx9nADX3G7pOdDSWZUmqfkHtMV36ogsAbT2GMBHUreotiQBs81M7T6lfQnUzN658RQwR5J0phFwvjhJi70vRc4gfGz7YjW7RKKfBouFmPODCyusINGQv8l%2F0UGCAZS%2FnE1bMcqAPKzRBD%2BrvW8QHL5CLs1JdTG%2Bgpg8UdQJLXDyWyp%2FgeGmIl%2F%2BIWVukJRe%2B0i7IMkTj9mn0FqiJ11Qucqa6fpZF%2BuO2XY48Pfq%2BTHL6fmj%2B4Ge5cnsflTGiRnMzyJrF7LeHasxB5iphfV9w8rqctGiG0%2BMD09kVauJJ3YSFa1K0CR%2FE5i7WVMZsry%2FXGLeGXXck1dtZXo%2BxGkQHwKJZFy1Vhq%2FH77x9Zlr1IFzyuow%3D%3D&nvMid=55292968180&catId=50001519
Apple 아이폰 16e 자급제,"769,900원",배송비무료,https://cr.shopping.naver.com/adcr?x=bh%2BomlxackxzfPOiT4K9r%2F%2F%2F%2Fw%3D%3Ds%2B2th12lXc55gmHuFi9PYwnHVCjT%2BAAOapQJWoWucsC9yoYErd7Wx1dfdVO6hh7qVLY5vXBwDCotGVlyUOS5CvMKdlAuo4CRofAy%2FiHp8jqv8RtWXQ%2B4yWv%2FzzZujOpoj4PUi63nYvR32pKvWvg99Ppl0mKBbPIsYtpifG%2FYeCIKSib83KJRrVoUMfncOtfCh49gWwo4YAEWGPlnOMWQUB4qPKnSzTV71gbnTAjWaxQ%2F8dKghfCYC%2FdsKLtfdOGxuLSOJ8RszYRV8SMF7WoEwd%2BtJnfZWGr9xagcbhNEukh3X8NkbAxocKezWN6GzceWgHJ5bhmckVmk2pE1j9uy4yCP1YPZLhS8n3SiJ0ae67GklpdZGM3xCJGgPxjTV9om8TzloBr14va5fyRK%2FfPMz10SrMrZY0ZxP7mwcIpl6%2Bt3L%2Fowdnq7%2Fmfq67OVRzok0S5SJNLgIdS1XFCtZ5GETGPuKl3z0H9TczJOhXdTEr0xeKTQ5y6GmuejsdVbe2q9JDG4evy%2BM13j64UYOnhTyGYyLDvqLggX417MNGYc86rSYHF6FUFDXJWjFuX3G1juVHxffNiPQ6tyEWStQjN7hdTUV0ZofZnBVr59Jft3VmafXglY18KYHUUtDHYWwCcomQQW2C4Bf5WgLjxFANRCOy7P3LX3tUzF6cl%2BZ9jhtWsBP7nekG45AUfKEzUFRBCBzz2U1%2FRM18yy5%2F%2Fvq8Rq0aq%2BmPJTYzRCq%2F3KXQ1YRQI50fSDbPWacYjnpFef5GzFxAse5rUtBiAVX0u57efOId%2BUDqCKEOIan38c8RDjyDv4DfkLIyuldBS3f8m8e6nLmzUhNzs2VE%2B%2Bisqs3JAEppg%3D%3D&nvMid=59055219299&catId=50001519
해외애플 아이폰17 홍콩판 물리심+e심 무음 자급제 공기계 홍콩폰 256GB,"1,394,500원",배송비무료,https://cr.shopping.naver.com/adcr?x=j%2FJ%2FCsSNd9Sb0sRD2q04XP%2F%2F%2Fw%3D%3DsMKBCYc0nbta43ov8N2QAeGlWVJap4GKbifD77XQM5Z%2FxTAJR5s3V3RheLYZrm3hT6lM9qcxsznf9Pu9ZMxkioWg6HabDTRx466CGciRiUnFBZuMfzSBinsMMtj7lqMfUYAGnabJYbZYHgBF8bkQKY8%2FlzflRdJQ%2BkXwZsB%2BkvqT21AVZ87JtLtYpyDP5g340RL6iu0rN9ANYEXkZX8p%2BoSEm%2FeWMmjv1VUimPr%2BbdY5uNr9y4ZJv90EqlG67V46%2BRXi6Ek%2BAPG47VYxfdG6%2BnwlIoSvKTA%2Ffvxn7nqCVPzyk6v2w9jBqMGR4TTsgYaQnlII%2ByYYqWVu3SSXxcjEJdMCD0ofzxw%2BmEejyhVbAlcBBopgI5MN2N15t%2BuSeqM5JcRNvmkCkGTEGnQxjgQGSKo%2BMsRji7XDwkWI3OtXN4adQZA%2Bvu%2FtZvTXt4zskVvFZ3FPuwO%2FPsExBwpEEr3njg3Mq%2F6VkNNhPTPTmEKv5HH16K503jBTFiO%2BslOwbxo4OzgKInaGsHN%2BzcOI5%2BwOSJa3yMk7dGPLrFX2aGoqiZIJrbHYPB4N0qMS1%2BUC%2FUwlzgwwRucIJsVnSE%2BtA%2B6kAz8Vyk3HldLpjcscVvVwN2qKpcGw7So10b67SMmRVkAnEjhyDcZjw9cO4Hk50g1pU%2FCeUnw1XRIVb4GKG2JgdG%2FxrWNLxRrWHCJoudYzHCivGa279ockzwLRmpTtf0H32p2Aq0YeDYjX%2B8PvZUGHtfYPQ7RiydO50CwKNfHksPQNmaGimR4pR27mrh1IoDTOSgA%3D%3D&nvMid=89926063437&catId=50001519
아이폰 17프로 512GB Apple 미개봉 새상품,"1,108,380원",배송비무료,https://cr.shopping.naver.com/adcr?x=Cmsoim7SXS8qwXNq9K%2BB6%2F%2F%2F%2Fw%3D%3Dseo4g3y6xl7WRhXIEmRjIkZpwg8bYRlyiSPZUiUnREJjxTAJR5s3V3RheLYZrm3hTpar93noyS3v%2BFdCMkBQ92Wg6HabDTRx466CGciRiUnFBZuMfzSBinsMMtj7lqMfUYAGnabJYbZYHgBF8bkQKY8%2FlzflRdJQ%2BkXwZsB%2BkvqT21AVZ87JtLtYpyDP5g340S5G4KtrRXqRZ0hITbmR3wVn4YPY3GsvgsJRzQXSBeWl51CwmpZLLmlld7leLaP%2FANiN8wDt2BLmZCNhior7fj9WNBZtyPgX5EPzN%2FuIrf7fKk9qMPrIqfC6xCoSmeVNzlLXJ3rYI6ntmWhR%2FlnQMZL5FKy6XHO5mH3WSv08OQHY9E%2F%2Fhl%2Br4%2Bc2q7ZpvZGy%2FSXm3sLxK0kmHVuKzEJKLcFVd6Z%2BmZ5fvTALbBBPmfKLmnGLANk9TjQtjOEdf9xG%2FncgVJ8Vxx5PbHt1gWr9lZ4T%2BfRQDlgoXWqdKpI6OukUr3wpohlrhUETRXnCpgZJONUn5IaWHYpS%2FAIzdGVztrM8Zsp9fdmBRjIt0%2Fxd7Y3U54ooK9okjq9ZSmawsbUSvTohhb1Cjr3uatg8f9MrJ05eNFYpko7C6Jr%2Bz0Vojg6KrBhOLssYSrGtke4YLgNVVwynlkh5akrD%2Brg4lW%2BPhEvdsVZu7K1raTue%2FeeszrwqGw9JUNCznOm0ti%2F3ZAfl4wogvibeASxPHLWNpSKfKEhTvqoQFSgdXwH1OaQKv7M8phM4Xkqwer6KAYBzWkB5nquCXmXPYgulYkn51qE6A4jiEZ%2FkDgtdrWD5JZto9DgNhUeD7yh49V28yQVytRwLMBq7h9PA5SrIXrcWPClBGWw%3D%3D&nvMid=58489812226&catId=50001519
애플 아이폰 16 프로 맥스 256GB 새제품 미개봉,"1,280,000원",배송비무료,https://cr.shopping.naver.com/adcr?x=ikHnMYhkGGWN0%2FTETW905v%2F%2F%2Fw%3D%3DswrWz8SNAkV2vLaghgMVOCrZ3U0iwli%2BOM%2B1hhuP1HjlyoYErd7Wx1dfdVO6hh7qVO3L7FOoRN4utwghhXWlJX8KdlAuo4CRofAy%2FiHp8jqv8RtWXQ%2B4yWv%2FzzZujOpoj4PUi63nYvR32pKvWvg99Ppl0mKBbPIsYtpifG%2FYeCIKSib83KJRrVoUMfncOtfChyaxxRm4H8HcYDi0B3B3iQmfQT7uWwvxdz8nMvhXCKF2Y4MgKTj0giA5ZVfWbCzS0MFUn%2F8yvRW0mJNKgzb5cyhKy3LoYl2rVajvOxbF9h7C54J8UO7LDGXdPU9Do8oyMXmq0wb8nQ9S1CNyVqQgAyHNbvOC5htPd0qISDLI1RoyAixnWzabim34zkcem3JwmzjjcPhnQ4aXZmKCZFjijQp2QsXGo5W2KVndWf5itgRQv9joyzj5myO3cybtTM%2BC7qFz57rh2%2BO1Us6%2BFBDpj2r7HAppNiREhVGsSMAsZEV01Ryckq0Vb3VfzOwQg0UPiB3NE5VcqPvQCwJUFU0MyvzqHcbDPSy%2B%2Fv8DHj6BpPhRvmLIxm8lAFRZC4hxl%2FKMeaRdkS0DYgJeAlqDXq2hwOyS%2BQBoifzP4maUBP%2BJf5xoC90l%2FUXJx0zkAa9aR1AKvV454%2B9oabB1oepvOyZ5eAfbkd7%2BiODTQrx%2FmBGDqry9ZJ5mD%2BOPTHSudf9z4FysVzufQk771PHC3pPGFNoHc6AE0KAaGcmhjIDxXiPYBFw0NUJgJp6CUXauCvW7Y5AjN&nvMid=89711759353&catId=50001519
아이폰 16프로 256GB Apple 미개봉 새상품,"814,090원",배송비무료,https://cr.shopping.naver.com/adcr?x=Rr%2BKr2JEtv3rQS0JfXufY%2F%2F%2F%2Fw%3D%3DstqnEi3fd3rHuaw8pJg1VroNP97e%2BmjaVP812gBZo5TVyoYErd7Wx1dfdVO6hh7qVRdenC39qPnnU%2FvF%2BR4m1F8KdlAuo4CRofAy%2FiHp8jqv8RtWXQ%2B4yWv%2FzzZujOpoj4PUi63nYvR32pKvWvg99Ppl0mKBbPIsYtpifG%2FYeCIKSib83KJRrVoUMfncOtfChFxq2b0Ha94BJbSQZrwlFpUre%2FP2d8vXo0%2Bm0aE8BwvWpEPO%2Bje2AwNp0vzxt8u7vXTz2841o2A%2BMsAJc2e57h8qunbz9kkiQlUONd2AofxjbphGtSALXK%2BNoJmI7VOqcDvJbtkuP2rz6XLVgxyOImMI3jBK6rjMltjiuA8jXg%2FBX1BixBFGdXdry9vPbklq9RKsytljRnE%2FubBwimXr63cv%2BjB2erv%2BZ%2Brrs5VHOiTRLlIk0uAh1LVcUK1nkYRMYByR6G15takv10hL%2BL1nUSF%2B%2FjSz8nDifRlHNXOC12GLYe9CsbWrnsboog%2B94RL%2FICEoqZZIk%2BLErnqxYDA0QourrW8uVxgzDq1NFuEm%2BD43B5vj%2B8imWgwPns%2BattxnDjdNqGffDJHL36CLjwRKcSHN0%2Brqm%2FTn4cFffAH5F0I55PGzBKmO2aXL3EEnbZDKY%2FTQumXHhjWCr11JSBVVfRnf5yKBm%2Fkwo27nAkv88TTvlrWJaEAsyBxB%2FVyTfQsiSdjMUWcDnwg5MxZ3VDuXs7Sx4WPPqF1ZOlQBxI7rMyvs2IWAinpDwg720zBf8CUKXBzta8a8Z8op%2FJ01klZSD7dRMvmW0H1zh%2ByUToQAe0jEPaTLQOC1EkYTUyHLryBQPHRyPBWbUFRhWScTsgQynPg%3D%3D&nvMid=58489811341&catId=50001519
아이폰 16프로 티타늄 256GB 미개봉 새제품,"944,000원",배송비무료,https://cr.shopping.naver.com/adcr?x=1lH5JgKsWqx09MeqlMZ3Ef%2F%2F%2Fw%3D%3DsrQ63Tf4rxcuREwenU0Obb32a8q00833wWpu2s8NFhtrxTAJR5s3V3RheLYZrm3hTphO5ZMj5hRE8VMVia%2FCXsGg6HabDTRx466CGciRiUnFBZuMfzSBinsMMtj7lqMfUYAGnabJYbZYHgBF8bkQKY8%2FlzflRdJQ%2BkXwZsB%2BkvqT21AVZ87JtLtYpyDP5g340RL6iu0rN9ANYEXkZX8p%2BoSEm%2FeWMmjv1VUimPr%2BbdY6P3grBip97eTzzIN38Ib%2BaRXi6Ek%2BAPG47VYxfdG6%2BnwlIoSvKTA%2Ffvxn7nqCVPzyk6v2w9jBqMGR4TTsgYaQnlII%2ByYYqWVu3SSXxcjEJdP4VX1mfjZ2vidCrdeJIvI9XMnPSgMkehKeGvmxuHfi3gzRGQMqXBWNWeUALR9IuSpvuX1RoeqyaowXj31jWwqbYLxR%2B%2BrI7xR4uIoA7QIdXkVEzBTCDFwT1FHHcnBo2PQ%2FW83lgW1Jk9%2FYQWGGR3JLwB%2Bwm9xntYF6xasxsO2QtRAKwy2o%2Br6zxLGLjt2xuwaILTqkRpBuVo1K1DwoJx6l6uDPDn2j1G6CqRg4FMSk3opvCcXWf4TOzFVvXTlz2GO0rRqgTzfdHGJefJB0R%2Fyh9D9c8qPZnnxVfi82MJXioa1jS8Ua1hwiaLnWMxworxkroLgT6F6Oxm9MBB%2B%2Fyz8nK56hT%2Fy17x07s9ONjucTjv1t%2BQzfSsII4IJ5MVXHjgmhopkeKUdu5q4dSKA0zkoA%3D&nvMid=88900069890&catId=50001519
아이폰 17 프로 맥스 256GB [자급제],"최저1,990,000원",배송비무료,https://cr.shopping.naver.com/adcr?x=XT%2Bd8nz8JV9H2GEvFJ%2BlFf%2F%2F%2Fw%3D%3DsWoV5EyahZJxxB2HmlCZmR7nPen4JEkZRxqxg%2FNd20eJyoYErd7Wx1dfdVO6hh7qVXKyXWmZNfOn%2BqHb0X7%2F088KdlAuo4CRofAy%2FiHp8jqv8RtWXQ%2B4yWv%2FzzZujOpoj4PUi63nYvR32pKvWvg99Ppl0mKBbPIsYtpifG%2FYeCIKSib83KJRrVoUMfncOtfChhmeWtJmvw8M90EK%2Bzy5a114nEdwofithSFzlLG8az9DIVQ91h5S%2BQvV9MDm9A13fIk7uNvEAL%2BEcmclsT2kPbblIRP%2BZOH7CveIqcMav0VHx2dvylfym6qKnZtncbvPAMWit%2FicZSA%2FCK%2Fne362WaoBsJjzV%2F3vl5Lmd9HbkUGI%2FzdYC%2FwYAihDQzAs9Z5v97UEtY9YgI%2Fv3FR%2F3ernUF7NoujdiiNe5Aky91pn4j%2FKFvIJJK89HyB%2F1VSF9qpB8yDBkuv0wA6i2HOGZQgbbkymdfCMqN6LDkaOj%2BD69Y8NfsabvysfBCSUNvPEzyRWAgDGXEErVW9qgB%2FyJDrdcJwyy4guqJzPn93F72CYFI5cEc05LTibBt%2FawtKKLwCqneeB52T5DDyXWzxEJZpo2%2Bwm3dAkP%2Fn0VvyxjRZxDM5B1I8EDCh5n2RBrPUf%2BYM4B6wbXcmN%2Bz%2BIFf%2BC0WijzhssSBpnv0tI0gc12RyNLeWWpnQj0%2BsUfI6KwDFq8AZ1BT%2BDzDxwp7nT02YxkVA94lAr3amsXctuw6y65A6vC69G%2B9J9JSQ91DkHuM6qWNaz%2FYVHg%2B8oePVdvMkFcrUcCzAau4fTwOUqyF63FjwpQRls%3D&nvMid=56666180942&catId=50001519
해외아이폰 17 프로 iPhone17 Pro 홍콩판 듀얼심 무음카메라 자급제 256GB,"1,897,000원","배송비100,000원",https://cr.shopping.naver.com/adcr?x=plrgmekNq392nY2Vz%2B7IDv%2F%2F%2Fw%3D%3Ds6BncuSbyMafuPp8q3TBnE7Eu89ov9CePWalHJxfyItRyoYErd7Wx1dfdVO6hh7qVPm%2BushiqvN4Xg2kVIJ%2BriMKdlAuo4CRofAy%2FiHp8jqv8RtWXQ%2B4yWv%2FzzZujOpoj4PUi63nYvR32pKvWvg99Ppl0mKBbPIsYtpifG%2FYeCIKSib83KJRrVoUMfncOtfChyaxxRm4H8HcYDi0B3B3iQmfQT7uWwvxdz8nMvhXCKF3SrtY3h3g1cP6zwAi5o19bMFUn%2F8yvRW0mJNKgzb5cyhKy3LoYl2rVajvOxbF9h7C54J8UO7LDGXdPU9Do8oyMXmq0wb8nQ9S1CNyVqQgAyPfooShS8p8Aw%2FFkARYtcS0ACZ2lsf%2FOwxQQD6aivMQmzjjcPhnQ4aXZmKCZFjijQp2QsXGo5W2KVndWf5itgRQv9joyzj5myO3cybtTM%2BC7qFz57rh2%2BO1Us6%2BFBDpj2iV71h3en7LfQ3%2Fea%2BfrLZUYx1l84hK77PuJwyS1tdxq7R8POR7InpWRs%2BmMC1RhnljnK%2BOp4XO2%2BGDfxumoUvSQYX08k8zMpoHTAUft7s9%2Fc0yqKuhYlNV1q4ZmsxGK1qg97ReTtuktLNkdoRei6%2F5Bwf31DSKpDhzNw675PCNs7KkKGYLQfbBwdN7ndWlaO%2FFlCxq%2BAP17B7QtoHWB8FrTn%2BIvcxawVxNuePP9ktet0HD0r7kNFlBCalHOvTR8N%2BJ1Moi9K3Wh9pwcfcW%2FRRwTa95T79b1D0UV4yrSkuYdxyAhEKTy%2B0Zvtn8oYxIR0Q%3D%3D&nvMid=89923435612&catId=50001519
Apple 아이폰 12 mini 자급제  화이트  64GB,"348,000원",배송비무료,https://cr.shopping.naver.com/adcr?x=%2BGB06hkM498vbhx5ouvr5%2F%2F%2F%2Fw%3D%3Ds%2F3CprcLj0XY1BWIvLogfDCpLNflVftTkSK0zc3mgo5oAjU5j3gjlMYsRq8%2BGHFpSCiXRdRR%2BHQy6CTwztD2hQDXJD0NsZoE8wg%2BLc2SvDZhHRaISaXjSXtxpkOUV9xcVXkK3xc5fHrGPnpRGpBeDxJVaHwioLzGptDWiVJ0VtwQzMrWs8QmGnuG4vaPOIxF%2B6InUdgRJ2eKXcsL2jyhcXKQfvg83DEGAmQ8NhqAZnU%2FRnZ5jPvtL6YwelShhR%2Ffq2nVKk20VAIZmBPr9yMIHa0MX1IzIbPCJwMgNlVWlQLIQLBVIqpv6Yug2XRXupBkLhaJJC6hiArBIeQtu2qJeB5M%2FRC99MJWo2UqK6QUTiPLZmdn7%2BwU8ox9SFk9sQPFlQUIaluoxWpfmzGJMgITwmAXAA2Fgq%2FurDrDZg9RAkIPDpmNu2Rs3tEPrV0ZTODsbWqyaFa2xLbpwGCJChqMDqqhTeoRKL3TNBZfApmg2OK8fTN23E7jbw30M5OP81eDCDG4evy%2BM13j64UYOnhTyGYyLDvqLggX417MNGYc86rSYHF6FUFDXJWjFuX3G1juVHxffNiPQ6tyEWStQjN7hdduEGDqwZ7L7q46k%2BzOu114%2BcdmRzVDN0%2FbAM2gOqoA4QQW2C4Bf5WgLjxFANRCOy0HOCbSTLKvfNTalOI15POFIxn0inHwCkUcJ8s%2FBdzCfFDUrIblcu0QTkHx7ZeC1i2EGbtTD4XyP5WFK0pByvZukMhw%2BdsUSPSc%2Bxd%2BWXrW6KYTOF5KsHq%2BigGAc1pAeZ%2F7VMqaYHHClAQX4TqbkzkbVMNpioOxUw3SYaElJf9zh11SkXvPxCFL9O%2FobcETkVA1QmAmnoJRdq4K9btjkCM0%3D&nvMid=59440054535&catId=50001519
해외아이폰se 아이폰se1 공기계 모두의애플 se1 골드 WIFI 16GB,"116,500원","배송비16,500원",https://cr.shopping.naver.com/adcr?x=WozOI3ftIWnW6xq5uQO59%2F%2F%2F%2Fw%3D%3Dsk7Q71MLB8pk%2FACtbA%2BdwkYr%2BhrdficrrhmBQncW880QAjU5j3gjlMYsRq8%2BGHFpSmdYKyVLi61p1xTiLy%2B34jTXJD0NsZoE8wg%2BLc2SvDZhHRaISaXjSXtxpkOUV9xcVXkK3xc5fHrGPnpRGpBeDxJVaHwioLzGptDWiVJ0VtwQzMrWs8QmGnuG4vaPOIxF%2BhNAWEw0JCsb7LJXBJqKWV9015zgK%2BP5r4ZCysDfiDpVvvlvOVL29R0rJ7%2BxOk6fCQP7TobXtfu%2B4VETEIYP6vEl5t7C8StJJh1bisxCSi3BVXemfpmeX70wC2wQT5nyi5pxiwDZPU40LYzhHX%2FcRv6ABHzu7EWrUGXKIQXRp%2B8j1Y3wxXaZN1%2BIxBTxAjPXFnuI%2B1Uju%2BRLjWLfBBmiitIyLDvqLggX417MNGYc86rSYHF6FUFDXJWjFuX3G1juVHxffNiPQ6tyEWStQjN7hdfAYfVifu6Y4ZVfKCa2elrvsnPjpIMjEqj54ZvJxF7VgkcJhBU0uTW5xNjhnsS1ThQbh1HHfQQj6X6TDRDOZKzdoaphlcjRkAvXPvHTBCXHvXnNldLZSSPmxUE%2BkMLa255cZIsmxmnUXTig1%2BDPkHpQ9jwI207JRMWZoqOSRGaJ1wwRnOEa2hQe3KrGGAGUjwsWlVcb5G4bNJHkwrjxabOh2eU%2BsjdTq4dbcIGAtIf5EYNxQ41pB8iF0WJlsmtU9f%2BD73djBZXotf%2BbBaj5NI%2BIDfkLIyuldBS3f8m8e6nLmzUhNzs2VE%2B%2Bisqs3JAEppg%3D%3D&nvMid=89679698641&catId=50000249
Apple 애플 아이폰 14 128GB 미개봉 새제품,"587,000원",배송비무료,https://cr.shopping.naver.com/adcr?x=nltO1XoYtocszfCEkNCNq%2F%2F%2F%2Fw%3D%3DsqxldywbqSrUvWJLBCjsy7QcR7RSDzq38EFb6vDRCZkrxTAJR5s3V3RheLYZrm3hTu8diiZuPSpMsx5UXOIgC62g6HabDTRx466CGciRiUnFBZuMfzSBinsMMtj7lqMfUYAGnabJYbZYHgBF8bkQKY8%2FlzflRdJQ%2BkXwZsB%2BkvqT21AVZ87JtLtYpyDP5g340RL6iu0rN9ANYEXkZX8p%2BoSEm%2FeWMmjv1VUimPr%2BbdY5%2BEdqXgkD4P9QW6G043g0bRXi6Ek%2BAPG47VYxfdG6%2BnwlIoSvKTA%2Ffvxn7nqCVPzyk6v2w9jBqMGR4TTsgYaQnlII%2ByYYqWVu3SSXxcjEJdDB2rFFHKaeIxurm8Ff%2FEAZbgwaEwOO1iVLVgvx2NLsYgzRGQMqXBWNWeUALR9IuSpvuX1RoeqyaowXj31jWwqbYLxR%2B%2BrI7xR4uIoA7QIdXkVEzBTCDFwT1FHHcnBo2PbKNHbcK7T4ooCd41IuGTrJ1PM4uZJovaKEsV7iFEk5YbIclVas6Ciz5PJ5dmDUgRj7HEFw40SXR3by2xRgMfGqVMOvFgxAHuHveibskRJiiahPnKfD4cIBR7086u5U15XlhD4NRlml7N3eYqKNiEw1wpPQmVMnfCp3QoFZSX1HcD%2B1GzYyCQAVsDO6ulMSblrkUZa76IYmOGG68ElrbeHZhrjenFjAJS3LXk7q8BQfLP2TN4kVzwJPmqaRB7rkjmA4SwcLvxUEucVmH%2BcOht40%3D&nvMid=89878263762&catId=50001519
애플 아이폰16E 128G / iphone-16 E / SE4,"530,000원",배송비무료,https://cr.shopping.naver.com/adcr?x=Rhg7DTHH4oBWH56tEpUOZv%2F%2F%2Fw%3D%3DsBlTPgqTzYJzsIhvnIDUNZabAzhgHHonzkia%2FRVffRYrxTAJR5s3V3RheLYZrm3hT%2BybiHoK7q3EawseDIqmUw2g6HabDTRx466CGciRiUnFBZuMfzSBinsMMtj7lqMfUYAGnabJYbZYHgBF8bkQKY8%2FlzflRdJQ%2BkXwZsB%2BkvqT21AVZ87JtLtYpyDP5g3402qqp1XNIAFe3%2Fk5gPxIsHLL7oh4VZdlChKy1%2Boh76B1SaYjGK4Ok8KBUd1hZiKXj0TeS0I0vkY%2FLtQSA2TwFTVXQNYZCCffIceAtiYSdKBJJebewvErSSYdW4rMQkotwVV3pn6Znl%2B9MAtsEE%2BZ8ouacYsA2T1ONC2M4R1%2F3Eb%2F3VRPOP7u1MKboAJewYpGGphENvPw%2FV3zaYsRImhgoCIamgpY5cy1dhiurObfblOo1SfkhpYdilL8AjN0ZXO2szxmyn192YFGMi3T%2FF3tjdTniigr2iSOr1lKZrCxtRK81ECw5qNF%2BfFJezXh%2Fe6DfsCbDou9vLLO08udS297IjIqqUq%2FLTjZyCoQ3eg1hlrvqjepl9TDGXVBd9cncXCbsgdeRYIqzF4YrFstvdkyonFg1glmeTpqWOu3BAlqYpt45Lg0dfYWe5XG59EVjK32RrwjGpV1uPTPmucOdV6fxdi6CIOHlLyf7tFzQx427OB2qsfFTHKbH3%2F%2FFf41sbZj%2FuF5rjUCW%2BK2um0ezVhaxROR79U%2F6Az3gE9mQ%2Flgn57E%3D&nvMid=56871423719&catId=50000246
해외아이폰SE1 올인원 풀박스 공기계 세컨폰 스페이스그레이 16GB 베이직,"86,000원","배송비9,000원",https://cr.shopping.naver.com/adcr?x=K1ZCCrnxOAwsNLoWRGwGXP%2F%2F%2Fw%3D%3DsucxR%2Fbd2e7LNE9w6jKI3%2BLAZNqEgV5%2BiEalwYI6QV8vxTAJR5s3V3RheLYZrm3hTbVHw9PbDy%2FMrt6K9wBrC9Wg6HabDTRx466CGciRiUnFBZuMfzSBinsMMtj7lqMfUYAGnabJYbZYHgBF8bkQKY8%2FlzflRdJQ%2BkXwZsB%2BkvqT21AVZ87JtLtYpyDP5g340RL6iu0rN9ANYEXkZX8p%2BoSEm%2FeWMmjv1VUimPr%2BbdY7YKsvnLXw7syewTHrwIEVIRXi6Ek%2BAPG47VYxfdG6%2BnwlIoSvKTA%2Ffvxn7nqCVPzyk6v2w9jBqMGR4TTsgYaQnlII%2ByYYqWVu3SSXxcjEJdBMcIqq7GQQVLcwOQnZTpL5fCjg94Hx63a4UU8koRcneah%2B2aTlGxw2OAZIIDw5q2JvuX1RoeqyaowXj31jWwqbYLxR%2B%2BrI7xR4uIoA7QIdXkVEzBTCDFwT1FHHcnBo2PfM3rVAKTm21DIaL8jrjdegdLmI1Q0k%2F6aNtkqt%2FNBTdp2Rh1RIeRrOwq1CI55NBO3xTo0wYCeaNGbxDzqRuX%2B05DOo3Ueh4uEegez2CuJjHJrHHNUXcFkq%2BeL6oyyTH12rdXdiMbT6yWbsocCZzMCMZATrjOn57BbgrvVHaKl46gTixG19RCgo%2FMAJnlzDPwADLkxBioiyq59uNZSjslj7Tn%2BIvcxawVxNuePP9ktetGsD9XAymPU%2BMDi13VLDB3SG5iLAhUCuG6pVqMnfq1%2FUSENDq7kK1onvLEBHoZHeGxyAhEKTy%2B0Zvtn8oYxIR0Q%3D%3D&nvMid=89304859650&catId=50000249
아이폰 15 128GB Apple 미개봉 새상품,"643,000원",배송비무료,https://cr.shopping.naver.com/adcr?x=9%2B9Zb1%2FeUVxTd4RjaiN41v%2F%2F%2Fw%3D%3DsJpurGvcnn6ZzO3cHqrd3QU%2FFZ4mJzbybm4D0R6Ucz3DxTAJR5s3V3RheLYZrm3hT21gWmumMnAHL5VFSTqhTwWg6HabDTRx466CGciRiUnFBZuMfzSBinsMMtj7lqMfUYAGnabJYbZYHgBF8bkQKY8%2FlzflRdJQ%2BkXwZsB%2BkvqT21AVZ87JtLtYpyDP5g340RL6iu0rN9ANYEXkZX8p%2BoSEm%2FeWMmjv1VUimPr%2BbdY4R5e3jksZSRPWNGSFHkEfQRXi6Ek%2BAPG47VYxfdG6%2BnwlIoSvKTA%2Ffvxn7nqCVPzyk6v2w9jBqMGR4TTsgYaQnlII%2ByYYqWVu3SSXxcjEJdP2Tpc7TTlkjBkEhEK8NHqIhWsIqxet3ReEeSKK%2BYzyOah%2B2aTlGxw2OAZIIDw5q2JvuX1RoeqyaowXj31jWwqbYLxR%2B%2BrI7xR4uIoA7QIdXkVEzBTCDFwT1FHHcnBo2PcNrYS3r8HC2pBHzYzoCFv7f8QIIOHn%2BtliCU9Svszge4LBsUMqc2O5mNaDIZ2mKdBT1JoMDR0kuf28uQVEGLuD8A%2FRagQjZzKzCQE1fycoWPY8CNtOyUTFmaKjkkRmidXdFlY0pyhW%2FF5ncjpM1xAxRo56XxrCfv9O%2BOzQIWuRSKxS3FslmUrpnGZoP9HsELK8okc9F1DUQOvi3jeWMIvKyb0NdbsgsWN2TBe9hpo9oA35CyMrpXQUt3%2FJvHupy5s1ITc7NlRPvorKrNyQBKaY%3D&nvMid=88646726618&catId=50000249
아이폰 에어 256GB [자급제],"최저1,431,000원",배송비무료,https://cr.shopping.naver.com/adcr?x=NcQ0P8pAXuJmTqqIYAlI2%2F%2F%2F%2Fw%3D%3DsD%2BbifQuzYEO8joVGnpasO7hT98h03tq9OR63kiLEwIcAjU5j3gjlMYsRq8%2BGHFpSENQFOFPJ3iEVL1tQigoPaTXJD0NsZoE8wg%2BLc2SvDZhHRaISaXjSXtxpkOUV9xcVXkK3xc5fHrGPnpRGpBeDxJVaHwioLzGptDWiVJ0VtwQzMrWs8QmGnuG4vaPOIxF%2B2h%2FqNbmMd3P9tE5jamCbKQuIB8ncdehaYvLTVmrbJlHElugTY1XnRunywj230icx%2F2M7NukjaZEovSPMpRwZE%2BE8YCiibN06F7pXXqOPTLDvbrwgYBBdB4JVo8Uf8huUBcADYWCr%2B6sOsNmD1ECQg8OmY27ZGze0Q%2BtXRlM4OxtarJoVrbEtunAYIkKGowOqf1HRSvOKoRZKjl66f52VBsnFrN04wx1b%2BHNUqrF7rbkbV9SohnsJOp40F4RSK4iNOWCmEveL9T%2FtOtbJGkC2L%2FkGmTYGCRxyniCPIX0LcGkHWDYqfV%2FTP8ip8qKhVk2dG%2BBOJQytziAM7IONf%2BYi%2FTKfpAAGVXdEFpAYF9oN0tFKsaK6szvgRo5X5XC1HnWy1DaeLyb4LDRhTrbQDqVhdjOUoKdwWJVPF5yo%2F6AXaKaZxIeMXePYqQdVUXIrU%2FB%2FezOYBL%2BSs%2FEViRthTmqnTBHpXDmqWgjdyvSiEc2%2Bdffwm0yzt%2Be9QSYggklC56xlEaThcwm2jOjlPe7qD4n460h4m4Wv3VGRDApeqlJ9gw7mLDR1ZyFHFDvKten86DFfxyAhEKTy%2B0Zvtn8oYxIR0Q%3D%3D&nvMid=56665469844&catId=50001519
Apple 아이폰 17 Pro 자급제,"1,790,000원",배송비무료,https://cr.shopping.naver.com/adcr?x=pcL1xv7Q1NMzs%2FvdRd%2FIt%2F%2F%2F%2Fw%3D%3Ds6hGLF3sg0Wa9fiyJU2sNvgKBdDAqr5QXCYWsXdILzrLxTAJR5s3V3RheLYZrm3hTUD%2FOlLb%2F8%2BzSYVh08wGD1Wg6HabDTRx466CGciRiUnFBZuMfzSBinsMMtj7lqMfUYAGnabJYbZYHgBF8bkQKY8%2FlzflRdJQ%2BkXwZsB%2BkvqT21AVZ87JtLtYpyDP5g340HNZtQ%2FiGx%2BQOIyH96Kmut2E6W4nW1ZBCJdFOCy3XN8xMPC7dOB8WTUSlw%2FiWm3ZPFbA%2BqS%2Bj%2FOZwYl9ou%2FCpcs0f9r37fgvByq7yJRw8T60Hx36Fc9cNiEhIaeeVmhFMNaOWsYYN%2BOjdWZC5dxHp6LRky1jw0TqxQG54uiFH8T%2BDYv96qy2etP1UvhT%2BKVa2Sot9c4yCeYWUpjHY21FLb0l5t7C8StJJh1bisxCSi3BVXemfpmeX70wC2wQT5nyi5pxiwDZPU40LYzhHX%2FcRv1QX97TqBVXlES6XghZQPm09jN5iNHI88v5AjErbH%2FKQzjjcPhnQ4aXZmKCZFjijQp2QsXGo5W2KVndWf5itgRQv9joyzj5myO3cybtTM%2BC7qFz57rh2%2BO1Us6%2BFBDpj2jmWHVTq07NY15RFscB8NVmBnWTs%2Fqzr%2FtuZPTjfZpbTIVxzjmTKSfNF%2BTEU%2Fb821ohePmJG4Lg69qXkypOekwZP7nekG45AUfKEzUFRBCBzwRE2%2BBTQXIL5%2BXelTq92SHXwVykEkYLyYsIxcVXy1TyxChwsQYZrTCyV4dzakWStlKUddyjfoC%2FmA6Y8UU3XmcF0d55PiF%2BUu73x4a9%2F%2FnJvU2Y6hEEwGxc1AZfON9sL4VRAH%2BsMDObarUodGweR8Q%3D%3D&nvMid=57160310198&catId=50001519
Apple 정품 아이폰 15 자급제,"1,090,000원",배송비무료,https://cr.shopping.naver.com/adcr?x=6IT7mRNQ2lAf%2Fz9R8SNsaf%2F%2F%2Fw%3D%3Ds1B3Ih0Bjc9AjNAWBVN4KizcR1EqGV6T1X%2BrSYDvVj54ksXwEH1Ig1UJg2fSjEwkDODZJYt4lp9UglPxz3TPstlsZOinTopHxyAyK2u%2FTy%2BjYsfDmngMDc30arSUbghlwaUMx0gihplv9%2FHlMGDX4mdqb9UOZFo4HKFloQ1GrFoQanNQqLWbMTj2ezT2jw1Mnboh16a6ExpFc0Wzi3uCtbP52wjSgFXQYW58f1DoxqjENXE7JpD8tTjfemDDhEgikARSy1tVOwG%2FsP0CcCuYRC4tcb7tDz9pRYedcWlGHpgEidFjd%2BeWYYyN%2BP2SDtM92M19Vc6PcQU6XhOdIpOVcTy32Q%2FcFGsXBta4hRFiuHOhhRlmCqi0j1Uce0ryAdBFQovlGM31al4McPGzqDSTHrTForf4nGUgPwiv53t%2BtlmqAbCY81f975eS5nfR25FBiP83WAv8GAIoQ0MwLPWeb%2FcJcx6Jkl%2FGAR%2BAgg2TNkUtAW7ixYLpcsqjM1QROR6OxgzRGQMqXBWNWeUALR9IuSpvuX1RoeqyaowXj31jWwqbYLxR%2B%2BrI7xR4uIoA7QIdXkVEzBTCDFwT1FHHcnBo2PUQ%2BwwAOpPlmM0CxjnxysFSKvKonGImPEuiwmeWBV2tiXTXgdHxtpUrZ4vvE%2BJZU8PZ7x%2BrNkrl0NMh4D5X%2B0U4U4KG%2BsARgJOSwZwb%2BGasgp8Nbb99rAwcDanizZXxjh2IaS4IFDGMJPB1xKpoUt8kphM4Xkqwer6KAYBzWkB5nFzHE0YOPqwnlv%2Bw%2BA6vxOlVhT%2FKdNvJNbPrzAxZOrpCDG554kJfPE%2BSUp9tUm1kTBq7h9PA5SrIXrcWPClBGWw%3D%3D&nvMid=50864833884&catId=50001519
Apple 정품 아이폰 15 Pro 자급제  화이트티타늄  256GB,"1,248,000원",배송비무료,https://cr.shopping.naver.com/adcr?x=mEUA5pRVPEMmj2dVgevaoP%2F%2F%2Fw%3D%3Ds88RpiGTd1UeYh6DVvPmvzpl4bzNnSb%2B2gHnlEW1uHNJyoYErd7Wx1dfdVO6hh7qV7K7JJUPFDqUqqDexJQXLqMKdlAuo4CRofAy%2FiHp8jqv8RtWXQ%2B4yWv%2FzzZujOpoj4PUi63nYvR32pKvWvg99Ppl0mKBbPIsYtpifG%2FYeCIKSib83KJRrVoUMfncOtfCh49gWwo4YAEWGPlnOMWQUB4qPKnSzTV71gbnTAjWaxQ8TCpTAdCeOTtdCc%2FY8yDzvGkahgAoB%2FjU%2FsSJbDfl568NH9VLP3oyhk%2Fn0MP9WE6BJsAFM9W%2B9BN%2BGOaNfeDRTSSOmAX0qJU4HmOi2%2BJk9sJM%2FRC99MJWo2UqK6QUTiPL%2FG4H5FhDyaFh%2BgJ0xypWnQUIaluoxWpfmzGJMgITwmAXAA2Fgq%2FurDrDZg9RAkIPDpmNu2Rs3tEPrV0ZTODsbWqyaFa2xLbpwGCJChqMDqpYRm3NAp5P62tQBDgbuPNAVmlmJE4%2B8afSr8xs%2B%2FmXoG1fUqIZ7CTqeNBeEUiuIjTlgphL3i%2FU%2F7TrWyRpAti%2F5Bpk2Bgkccp4gjyF9C3BpB1g2Kn1f0z%2FIqfKioVZNnQp8oajtsf5W6AimftJkyImj6PgHMEQOmNALHxJSGZwEbzFHUVEyhSGvEjyoKtnjShtFo%2FrLcbtnBKVHsS4H5i%2BmzyGM1SBh7gS590iCRJn95nrGAl8oiUd64izRFkOO80tsZpjSbngBKDILKBSX0fgWeTNJ%2B57UZ7sS8hp9RDh3qSi%2BzlyOhZGclkCcDaY75NOf4i9zFrBXE2548%2F2S162oLk6soRvn3LI5bu4O54T3wO4HpfU55t1EXjXHGwHVWedRWj93ZlBp9FOJMAB61wVB0CIl3BeKsFF2drF%2B%2BsFv&nvMid=59448928090&catId=50001519
Apple 아이폰 13 미니 256GB,"239,250원",배송비무료,https://cr.shopping.naver.com/adcr?x=3R%2BAOaJtt%2FD0B4i%2B7%2Bwa%2B%2F%2F%2F%2Fw%3D%3DsVfnOakGD3L5qV0k5aPrb91sT0oWiB%2BkiSBkLDMmAh%2BJyoYErd7Wx1dfdVO6hh7qVl9O94JrOZbWrMI2ew1p15MKdlAuo4CRofAy%2FiHp8jqv8RtWXQ%2B4yWv%2FzzZujOpoj4PUi63nYvR32pKvWvg99Ppl0mKBbPIsYtpifG%2FYeCIKSib83KJRrVoUMfncOtfChL5jFwDFCegKdTHeOMiI4gtwB1kOFxQ1CFh%2Fhnue79cbXqOQm68ipmQjyM9uzVeSrbfZnwZG6P9Ax5SprXXorfJagfTzK7Yq6yjNcwMjw%2FyS0hUeIs3RMv96ToEokYe3XBcADYWCr%2B6sOsNmD1ECQg8OmY27ZGze0Q%2BtXRlM4OxtarJoVrbEtunAYIkKGowOqE6KS6hgUP1RlN3DoQnJ0BLArwJXBU9JLjUEn6KqhGOEr3wpohlrhUETRXnCpgZJONUn5IaWHYpS%2FAIzdGVztrM8Zsp9fdmBRjIt0%2Fxd7Y3U54ooK9okjq9ZSmawsbUSv%2FxkA9lMvD22eQ96Ez%2FzWJp3%2B2ViHA99reo4mS6DuVIwU0KYvN65q1ZzViC%2BZXQ3UC%2BPCK4hWZVak%2FmlGHuf2bIoi5iODCNEXYBdW0VyQk1rzunCgh2QJcxtMKfg9jUf53UccA%2FMFHs1NLau675Apli6CIOHlLyf7tFzQx427OB0vdrghj%2FIXARwrOCYTG9%2FHs23U3DucixGGit8iVyvT7eR79U%2F6Az3gE9mQ%2Flgn57E%3D&nvMid=59537190949&catId=50001519
